{
	 "animations_offsets" : [
		 {
			 "player1" : [
				 0,
				0
			],
			"player2" : [
				 0,
				3
			],
			"player3" : [
				 0,
				0
			],
			"anim" : "idle"
		},
		{
			 "player1" : [
				 0,
				0
			],
			"player2" : [
				 -8,
				-22
			],
			"player3" : [
				 0,
				0
			],
			"anim" : "scared"
		},
		{
			 "player1" : [
				 0,
				0
			],
			"player2" : [
				 -6,
				23
			],
			"player3" : [
				 0,
				0
			],
			"anim" : "singRIGHT"
		},
		{
			 "player1" : [
				 0,
				0
			],
			"player2" : [
				 2,
				-33
			],
			"player3" : [
				 0,
				0
			],
			"anim" : "singDOWN"
		},
		{
			 "player1" : [
				 0,
				0
			],
			"player2" : [
				 -6,
				47
			],
			"player3" : [
				 0,
				0
			],
			"anim" : "singUP"
		},
		{
			 "player1" : [
				 0,
				0
			],
			"player2" : [
				 -10,
				14
			],
			"player3" : [
				 0,
				0
			],
			"anim" : "singLEFT"
		}
	],
	"dance_idle" : false,
	"voices" : "",
	"no_antialiasing" : false,
	"color" : [
		 171,
		58,
		106
	],
	"cam_pos" : [
		 0,
		0
	],
	"sing_duration" : 6.1,
	"flip_x" : false,
	"genBy" : "FNFSE 1.0.0-U32; Animation Debug",
	"char_pos2" : [
		 -2,
		136
	],
	"like" : "",
	"spirit_trail" : false,
	"common_stage_offset" : [

	],
	"offset_flip" : 1,
	"scale" : 1,
	"char_pos" : [

	],
	"clone" : "",
	"cam_pos2" : [
		 92,
		-99
	],
	"animations" : [
		 {
			 "loop" : false,
			"oneshot" : false,
			"fps" : 24,
			"anim" : "idle",
			"loopStart" : 0,
			"indices" : [

			],
			"name" : "Dad idle dance"
		},
		{
			 "loop" : false,
			"oneshot" : false,
			"fps" : 24,
			"anim" : "singDOWN",
			"loopStart" : 0,
			"indices" : [

			],
			"name" : "Dad Sing Note DOWN"
		},
		{
			 "loop" : false,
			"oneshot" : false,
			"fps" : 24,
			"anim" : "singLEFT",
			"loopStart" : 0,
			"indices" : [

			],
			"name" : "Dad Sing Note LEFT"
		},
		{
			 "loop" : false,
			"oneshot" : false,
			"fps" : 24,
			"anim" : "singRIGHT",
			"loopStart" : 0,
			"indices" : [

			],
			"name" : "Dad Sing Note RIGHT"
		},
		{
			 "loop" : false,
			"oneshot" : false,
			"fps" : 24,
			"anim" : "scared",
			"loopStart" : 0,
			"indices" : [

			],
			"name" : "DAD SCARED"
		},
		{
			 "loop" : false,
			"oneshot" : false,
			"fps" : 24,
			"anim" : "singUP",
			"loopStart" : 0,
			"indices" : [

			],
			"name" : "Dad Sing Note UP"
		}
	]
}