<?xml version="1.0" encoding="UTF-8"?>
<TextureAtlas imagePath="Pico_Playable.png" width="4075" height="1046">
  <SubTexture name="Pico Down Note MISS0001" x="4" y="4" width="722" height="381" frameX="-10" frameY="-52" frameWidth="732" frameHeight="433" />
  <SubTexture name="Pico Down Note MISS0002" x="1748" y="4" width="495" height="431" frameX="-2" frameY="-0" frameWidth="732" frameHeight="433" />
  <SubTexture name="Pico Down Note MISS0003" x="1748" y="4" width="495" height="431" frameX="-2" frameY="-0" frameWidth="732" frameHeight="433" />
  <SubTexture name="Pico Down Note MISS0004" x="734" y="4" width="499" height="425" frameX="-0" frameY="-6" frameWidth="732" frameHeight="433" />
  <SubTexture name="Pico Down Note MISS0005" x="734" y="4" width="499" height="425" frameX="-0" frameY="-6" frameWidth="732" frameHeight="433" />
  <SubTexture name="Pico Down Note MISS0006" x="1241" y="4" width="499" height="425" frameX="-0" frameY="-6" frameWidth="732" frameHeight="433" />
  <SubTexture name="Pico Down Note MISS0007" x="1241" y="4" width="499" height="425" frameX="-0" frameY="-6" frameWidth="732" frameHeight="433" />
  <SubTexture name="Pico Down Note MISS0008" x="734" y="4" width="499" height="425" frameX="-0" frameY="-6" frameWidth="732" frameHeight="433" />
  <SubTexture name="Pico Down Note MISS0009" x="734" y="4" width="499" height="425" frameX="-0" frameY="-6" frameWidth="732" frameHeight="433" />
  <SubTexture name="Pico Down Note MISS0010" x="1241" y="4" width="499" height="425" frameX="-0" frameY="-6" frameWidth="732" frameHeight="433" />
  <SubTexture name="Pico Down Note MISS0011" x="1241" y="4" width="499" height="425" frameX="-0" frameY="-6" frameWidth="732" frameHeight="433" />
  <SubTexture name="Pico Down Note MISS0012" x="734" y="4" width="499" height="425" frameX="-0" frameY="-6" frameWidth="732" frameHeight="433" />
  <SubTexture name="Pico Down Note MISS0013" x="734" y="4" width="499" height="425" frameX="-0" frameY="-6" frameWidth="732" frameHeight="433" />
  <SubTexture name="Pico Down Note MISS0014" x="1241" y="4" width="499" height="425" frameX="-0" frameY="-6" frameWidth="732" frameHeight="433" />
  <SubTexture name="Pico Down Note MISS0015" x="1241" y="4" width="499" height="425" frameX="-0" frameY="-6" frameWidth="732" frameHeight="433" />
  <SubTexture name="Pico Down Note MISS0016" x="734" y="4" width="499" height="425" frameX="-0" frameY="-6" frameWidth="732" frameHeight="433" />
  <SubTexture name="Pico Down Note MISS0017" x="734" y="4" width="499" height="425" frameX="-0" frameY="-6" frameWidth="732" frameHeight="433" />
  <SubTexture name="Pico Down Note MISS0018" x="1241" y="4" width="499" height="425" frameX="-0" frameY="-6" frameWidth="732" frameHeight="433" />
  <SubTexture name="Pico Down Note MISS0019" x="1241" y="4" width="499" height="425" frameX="-0" frameY="-6" frameWidth="732" frameHeight="433" />
  <SubTexture name="Pico Down Note MISS0020" x="734" y="4" width="499" height="425" frameX="-0" frameY="-6" frameWidth="732" frameHeight="433" />
  <SubTexture name="Pico Down Note MISS0021" x="734" y="4" width="499" height="425" frameX="-0" frameY="-6" frameWidth="732" frameHeight="433" />
  <SubTexture name="Pico Down Note MISS0022" x="1241" y="4" width="499" height="425" frameX="-0" frameY="-6" frameWidth="732" frameHeight="433" />
  <SubTexture name="Pico Down Note MISS0023" x="1241" y="4" width="499" height="425" frameX="-0" frameY="-6" frameWidth="732" frameHeight="433" />
  <SubTexture name="Pico Down Note MISS0024" x="734" y="4" width="499" height="425" frameX="-0" frameY="-6" frameWidth="732" frameHeight="433" />
  <SubTexture name="Pico Down Note MISS0025" x="734" y="4" width="499" height="425" frameX="-0" frameY="-6" frameWidth="732" frameHeight="433" />
  <SubTexture name="Pico Left Note MISS0001" x="2251" y="4" width="449" height="462" frameX="-6" frameY="-38" frameWidth="460" frameHeight="500" />
  <SubTexture name="Pico Left Note MISS0002" x="3613" y="4" width="458" height="500" frameX="-2" frameY="-0" frameWidth="460" frameHeight="500" />
  <SubTexture name="Pico Left Note MISS0003" x="3613" y="4" width="458" height="500" frameX="-2" frameY="-0" frameWidth="460" frameHeight="500" />
  <SubTexture name="Pico Left Note MISS0004" x="4" y="393" width="460" height="500" frameX="-0" frameY="-0" frameWidth="460" frameHeight="500" />
  <SubTexture name="Pico Left Note MISS0005" x="4" y="393" width="460" height="500" frameX="-0" frameY="-0" frameWidth="460" frameHeight="500" />
  <SubTexture name="Pico Left Note MISS0006" x="472" y="437" width="460" height="500" frameX="-0" frameY="-0" frameWidth="460" frameHeight="500" />
  <SubTexture name="Pico Left Note MISS0007" x="472" y="437" width="460" height="500" frameX="-0" frameY="-0" frameWidth="460" frameHeight="500" />
  <SubTexture name="Pico Left Note MISS0008" x="4" y="393" width="460" height="500" frameX="-0" frameY="-0" frameWidth="460" frameHeight="500" />
  <SubTexture name="Pico Left Note MISS0009" x="4" y="393" width="460" height="500" frameX="-0" frameY="-0" frameWidth="460" frameHeight="500" />
  <SubTexture name="Pico Left Note MISS0010" x="472" y="437" width="460" height="500" frameX="-0" frameY="-0" frameWidth="460" frameHeight="500" />
  <SubTexture name="Pico Left Note MISS0011" x="472" y="437" width="460" height="500" frameX="-0" frameY="-0" frameWidth="460" frameHeight="500" />
  <SubTexture name="Pico Left Note MISS0012" x="4" y="393" width="460" height="500" frameX="-0" frameY="-0" frameWidth="460" frameHeight="500" />
  <SubTexture name="Pico Left Note MISS0013" x="4" y="393" width="460" height="500" frameX="-0" frameY="-0" frameWidth="460" frameHeight="500" />
  <SubTexture name="Pico Left Note MISS0014" x="472" y="437" width="460" height="500" frameX="-0" frameY="-0" frameWidth="460" frameHeight="500" />
  <SubTexture name="Pico Left Note MISS0015" x="472" y="437" width="460" height="500" frameX="-0" frameY="-0" frameWidth="460" frameHeight="500" />
  <SubTexture name="Pico Left Note MISS0016" x="4" y="393" width="460" height="500" frameX="-0" frameY="-0" frameWidth="460" frameHeight="500" />
  <SubTexture name="Pico Left Note MISS0017" x="4" y="393" width="460" height="500" frameX="-0" frameY="-0" frameWidth="460" frameHeight="500" />
  <SubTexture name="Pico Left Note MISS0018" x="472" y="437" width="460" height="500" frameX="-0" frameY="-0" frameWidth="460" frameHeight="500" />
  <SubTexture name="Pico Left Note MISS0019" x="472" y="437" width="460" height="500" frameX="-0" frameY="-0" frameWidth="460" frameHeight="500" />
  <SubTexture name="Pico Left Note MISS0020" x="4" y="393" width="460" height="500" frameX="-0" frameY="-0" frameWidth="460" frameHeight="500" />
  <SubTexture name="Pico Left Note MISS0021" x="4" y="393" width="460" height="500" frameX="-0" frameY="-0" frameWidth="460" frameHeight="500" />
  <SubTexture name="Pico Left Note MISS0022" x="472" y="437" width="460" height="500" frameX="-0" frameY="-0" frameWidth="460" frameHeight="500" />
  <SubTexture name="Pico Left Note MISS0023" x="472" y="437" width="460" height="500" frameX="-0" frameY="-0" frameWidth="460" frameHeight="500" />
  <SubTexture name="Pico Left Note MISS0024" x="4" y="393" width="460" height="500" frameX="-0" frameY="-0" frameWidth="460" frameHeight="500" />
  <SubTexture name="Pico Left Note MISS0025" x="4" y="393" width="460" height="500" frameX="-0" frameY="-0" frameWidth="460" frameHeight="500" />
  <SubTexture name="Pico Right Note MISS0001" x="2708" y="4" width="457" height="475" frameX="-11" frameY="-47" frameWidth="468" frameHeight="522" />
  <SubTexture name="Pico Right Note MISS0002" x="940" y="437" width="442" height="522" frameX="-0" frameY="-0" frameWidth="468" frameHeight="522" />
  <SubTexture name="Pico Right Note MISS0003" x="940" y="437" width="442" height="522" frameX="-0" frameY="-0" frameWidth="468" frameHeight="522" />
  <SubTexture name="Pico Right Note MISS0004" x="1390" y="443" width="444" height="522" frameX="-1" frameY="-0" frameWidth="468" frameHeight="522" />
  <SubTexture name="Pico Right Note MISS0005" x="1390" y="443" width="444" height="522" frameX="-1" frameY="-0" frameWidth="468" frameHeight="522" />
  <SubTexture name="Pico Right Note MISS0006" x="1842" y="474" width="444" height="522" frameX="-1" frameY="-0" frameWidth="468" frameHeight="522" />
  <SubTexture name="Pico Right Note MISS0007" x="1842" y="474" width="444" height="522" frameX="-1" frameY="-0" frameWidth="468" frameHeight="522" />
  <SubTexture name="Pico Right Note MISS0008" x="1390" y="443" width="444" height="522" frameX="-1" frameY="-0" frameWidth="468" frameHeight="522" />
  <SubTexture name="Pico Right Note MISS0009" x="1390" y="443" width="444" height="522" frameX="-1" frameY="-0" frameWidth="468" frameHeight="522" />
  <SubTexture name="Pico Right Note MISS0010" x="1842" y="474" width="444" height="522" frameX="-1" frameY="-0" frameWidth="468" frameHeight="522" />
  <SubTexture name="Pico Right Note MISS0011" x="1842" y="474" width="444" height="522" frameX="-1" frameY="-0" frameWidth="468" frameHeight="522" />
  <SubTexture name="Pico Right Note MISS0012" x="1390" y="443" width="444" height="522" frameX="-1" frameY="-0" frameWidth="468" frameHeight="522" />
  <SubTexture name="Pico Right Note MISS0013" x="1390" y="443" width="444" height="522" frameX="-1" frameY="-0" frameWidth="468" frameHeight="522" />
  <SubTexture name="Pico Right Note MISS0014" x="1842" y="474" width="444" height="522" frameX="-1" frameY="-0" frameWidth="468" frameHeight="522" />
  <SubTexture name="Pico Right Note MISS0015" x="1842" y="474" width="444" height="522" frameX="-1" frameY="-0" frameWidth="468" frameHeight="522" />
  <SubTexture name="Pico Right Note MISS0016" x="1390" y="443" width="444" height="522" frameX="-1" frameY="-0" frameWidth="468" frameHeight="522" />
  <SubTexture name="Pico Right Note MISS0017" x="1390" y="443" width="444" height="522" frameX="-1" frameY="-0" frameWidth="468" frameHeight="522" />
  <SubTexture name="Pico Right Note MISS0018" x="1842" y="474" width="444" height="522" frameX="-1" frameY="-0" frameWidth="468" frameHeight="522" />
  <SubTexture name="Pico Right Note MISS0019" x="1842" y="474" width="444" height="522" frameX="-1" frameY="-0" frameWidth="468" frameHeight="522" />
  <SubTexture name="Pico Right Note MISS0020" x="1390" y="443" width="444" height="522" frameX="-1" frameY="-0" frameWidth="468" frameHeight="522" />
  <SubTexture name="Pico Right Note MISS0021" x="1390" y="443" width="444" height="522" frameX="-1" frameY="-0" frameWidth="468" frameHeight="522" />
  <SubTexture name="Pico Right Note MISS0022" x="1842" y="474" width="444" height="522" frameX="-1" frameY="-0" frameWidth="468" frameHeight="522" />
  <SubTexture name="Pico Right Note MISS0023" x="1842" y="474" width="444" height="522" frameX="-1" frameY="-0" frameWidth="468" frameHeight="522" />
  <SubTexture name="Pico Right Note MISS0024" x="1390" y="443" width="444" height="522" frameX="-1" frameY="-0" frameWidth="468" frameHeight="522" />
  <SubTexture name="Pico Right Note MISS0025" x="1390" y="443" width="444" height="522" frameX="-1" frameY="-0" frameWidth="468" frameHeight="522" />
  <SubTexture name="Pico Up Note MISS0001" x="3173" y="4" width="432" height="495" frameX="-7" frameY="-36" frameWidth="450" frameHeight="531" />
  <SubTexture name="Pico Up Note MISS0002" x="2294" y="487" width="450" height="528" frameX="-0" frameY="-3" frameWidth="450" frameHeight="531" />
  <SubTexture name="Pico Up Note MISS0003" x="2294" y="487" width="450" height="528" frameX="-0" frameY="-3" frameWidth="450" frameHeight="531" />
  <SubTexture name="Pico Up Note MISS0004" x="2752" y="507" width="444" height="530" frameX="-3" frameY="-0" frameWidth="450" frameHeight="531" />
  <SubTexture name="Pico Up Note MISS0005" x="2752" y="507" width="444" height="530" frameX="-3" frameY="-0" frameWidth="450" frameHeight="531" />
  <SubTexture name="Pico Up Note MISS0006" x="3204" y="512" width="444" height="530" frameX="-3" frameY="-0" frameWidth="450" frameHeight="531" />
  <SubTexture name="Pico Up Note MISS0007" x="3204" y="512" width="444" height="530" frameX="-3" frameY="-0" frameWidth="450" frameHeight="531" />
  <SubTexture name="Pico Up Note MISS0008" x="2752" y="507" width="444" height="530" frameX="-3" frameY="-0" frameWidth="450" frameHeight="531" />
  <SubTexture name="Pico Up Note MISS0009" x="2752" y="507" width="444" height="530" frameX="-3" frameY="-0" frameWidth="450" frameHeight="531" />
  <SubTexture name="Pico Up Note MISS0010" x="3204" y="512" width="444" height="530" frameX="-3" frameY="-0" frameWidth="450" frameHeight="531" />
  <SubTexture name="Pico Up Note MISS0011" x="3204" y="512" width="444" height="530" frameX="-3" frameY="-0" frameWidth="450" frameHeight="531" />
  <SubTexture name="Pico Up Note MISS0012" x="2752" y="507" width="444" height="530" frameX="-3" frameY="-0" frameWidth="450" frameHeight="531" />
  <SubTexture name="Pico Up Note MISS0013" x="2752" y="507" width="444" height="530" frameX="-3" frameY="-0" frameWidth="450" frameHeight="531" />
  <SubTexture name="Pico Up Note MISS0014" x="3204" y="512" width="444" height="530" frameX="-3" frameY="-0" frameWidth="450" frameHeight="531" />
  <SubTexture name="Pico Up Note MISS0015" x="3204" y="512" width="444" height="530" frameX="-3" frameY="-0" frameWidth="450" frameHeight="531" />
  <SubTexture name="Pico Up Note MISS0016" x="2752" y="507" width="444" height="530" frameX="-3" frameY="-0" frameWidth="450" frameHeight="531" />
  <SubTexture name="Pico Up Note MISS0017" x="2752" y="507" width="444" height="530" frameX="-3" frameY="-0" frameWidth="450" frameHeight="531" />
  <SubTexture name="Pico Up Note MISS0018" x="3204" y="512" width="444" height="530" frameX="-3" frameY="-0" frameWidth="450" frameHeight="531" />
  <SubTexture name="Pico Up Note MISS0019" x="3204" y="512" width="444" height="530" frameX="-3" frameY="-0" frameWidth="450" frameHeight="531" />
  <SubTexture name="Pico Up Note MISS0020" x="2752" y="507" width="444" height="530" frameX="-3" frameY="-0" frameWidth="450" frameHeight="531" />
  <SubTexture name="Pico Up Note MISS0021" x="2752" y="507" width="444" height="530" frameX="-3" frameY="-0" frameWidth="450" frameHeight="531" />
  <SubTexture name="Pico Up Note MISS0022" x="3204" y="512" width="444" height="530" frameX="-3" frameY="-0" frameWidth="450" frameHeight="531" />
  <SubTexture name="Pico Up Note MISS0023" x="3204" y="512" width="444" height="530" frameX="-3" frameY="-0" frameWidth="450" frameHeight="531" />
  <SubTexture name="Pico Up Note MISS0024" x="2752" y="507" width="444" height="530" frameX="-3" frameY="-0" frameWidth="450" frameHeight="531" />
  <SubTexture name="Pico Up Note MISS0025" x="2752" y="507" width="444" height="530" frameX="-3" frameY="-0" frameWidth="450" frameHeight="531" />
</TextureAtlas>
