﻿<?xml version="1.0" encoding="utf-8"?>
<TextureAtlas imagePath="Pico_Intro.png">
	<!-- Created with Adobe Animate version 18.0.1.115 -->
	<!-- http://www.adobe.com/products/animate.html -->
	<SubTexture name="Pico Gets Pissed0000" x="2655" y="2402" width="435" height="461" frameX="-75" frameY="-13" frameWidth="510" frameHeight="475"/>
	<SubTexture name="Pico Gets Pissed0001" x="2655" y="2402" width="435" height="461" frameX="-75" frameY="-13" frameWidth="510" frameHeight="475"/>
	<SubTexture name="Pico Gets Pissed0002" x="3176" y="1443" width="442" height="468" frameX="-68" frameY="-6" frameWidth="510" frameHeight="475"/>
	<SubTexture name="Pico Gets Pissed0003" x="3176" y="1443" width="442" height="468" frameX="-68" frameY="-6" frameWidth="510" frameHeight="475"/>
	<SubTexture name="Pico Gets Pissed0004" x="1362" y="1921" width="448" height="469" frameX="-58" frameY="-6" frameWidth="510" frameHeight="475"/>
	<SubTexture name="Pico Gets Pissed0005" x="2727" y="1443" width="444" height="469" frameX="-58" frameY="-6" frameWidth="510" frameHeight="475"/>
	<SubTexture name="Pico Gets Pissed0006" x="1382" y="1442" width="444" height="474" frameX="-58" frameY="-1" frameWidth="510" frameHeight="475"/>
	<SubTexture name="Pico Gets Pissed0007" x="2262" y="1922" width="442" height="474" frameX="-58" frameY="-1" frameWidth="510" frameHeight="475"/>
	<SubTexture name="Pico Gets Pissed0008" x="1831" y="1442" width="443" height="475" frameX="-57" frameY="0" frameWidth="510" frameHeight="475"/>
	<SubTexture name="Pico Gets Pissed0009" x="1831" y="1442" width="443" height="475" frameX="-57" frameY="0" frameWidth="510" frameHeight="475"/>
	<SubTexture name="Pico Gets Pissed0010" x="1831" y="1442" width="443" height="475" frameX="-57" frameY="0" frameWidth="510" frameHeight="475"/>
	<SubTexture name="Pico Gets Pissed0011" x="1831" y="1442" width="443" height="475" frameX="-57" frameY="0" frameWidth="510" frameHeight="475"/>
	<SubTexture name="Pico Gets Pissed0012" x="1831" y="1442" width="443" height="475" frameX="-57" frameY="0" frameWidth="510" frameHeight="475"/>
	<SubTexture name="Pico Gets Pissed0013" x="1831" y="1442" width="443" height="475" frameX="-57" frameY="0" frameWidth="510" frameHeight="475"/>
	<SubTexture name="Pico Gets Pissed0014" x="1831" y="1442" width="443" height="475" frameX="-57" frameY="0" frameWidth="510" frameHeight="475"/>
	<SubTexture name="Pico Gets Pissed0015" x="1831" y="1442" width="443" height="475" frameX="-57" frameY="0" frameWidth="510" frameHeight="475"/>
	<SubTexture name="Pico Gets Pissed0016" x="2279" y="1442" width="443" height="475" frameX="-57" frameY="0" frameWidth="510" frameHeight="475"/>
	<SubTexture name="Pico Gets Pissed0017" x="2279" y="1442" width="443" height="475" frameX="-57" frameY="0" frameWidth="510" frameHeight="475"/>
	<SubTexture name="Pico Gets Pissed0018" x="2279" y="1442" width="443" height="475" frameX="-57" frameY="0" frameWidth="510" frameHeight="475"/>
	<SubTexture name="Pico Gets Pissed0019" x="2279" y="1442" width="443" height="475" frameX="-57" frameY="0" frameWidth="510" frameHeight="475"/>
	<SubTexture name="Pico Gets Pissed0020" x="460" y="1914" width="443" height="475" frameX="-57" frameY="0" frameWidth="510" frameHeight="475"/>
	<SubTexture name="Pico Gets Pissed0021" x="898" y="2395" width="435" height="475" frameX="-57" frameY="0" frameWidth="510" frameHeight="475"/>
	<SubTexture name="Pico Gets Pissed0022" x="1896" y="2877" width="430" height="475" frameX="-62" frameY="0" frameWidth="510" frameHeight="475"/>
	<SubTexture name="Pico Gets Pissed0023" x="3142" y="2397" width="423" height="475" frameX="-62" frameY="0" frameWidth="510" frameHeight="475"/>
	<SubTexture name="Pico Gets Pissed0024" x="2709" y="1922" width="428" height="475" frameX="-57" frameY="0" frameWidth="510" frameHeight="475"/>
	<SubTexture name="Pico Gets Pissed0025" x="2773" y="2877" width="406" height="475" frameX="-57" frameY="0" frameWidth="510" frameHeight="475"/>
	<SubTexture name="Pico Gets Pissed0026" x="3142" y="1917" width="425" height="475" frameX="-38" frameY="0" frameWidth="510" frameHeight="475"/>
	<SubTexture name="Pico Gets Pissed0027" x="773" y="2" width="463" height="475" frameX="0" frameY="0" frameWidth="510" frameHeight="475"/>
	<SubTexture name="Pico Gets Pissed0028" x="2" y="1307" width="463" height="475" frameX="0" frameY="0" frameWidth="510" frameHeight="475"/>
	<SubTexture name="Pico Gets Pissed0029" x="1241" y="2" width="453" height="475" frameX="-10" frameY="0" frameWidth="510" frameHeight="475"/>
	<SubTexture name="Pico Gets Pissed0030" x="2" y="1787" width="453" height="475" frameX="-10" frameY="0" frameWidth="510" frameHeight="475"/>
	<SubTexture name="Pico Gets Pissed0031" x="1699" y="2" width="447" height="475" frameX="-16" frameY="0" frameWidth="510" frameHeight="475"/>
	<SubTexture name="Pico Gets Pissed0032" x="2" y="2267" width="447" height="475" frameX="-16" frameY="0" frameWidth="510" frameHeight="475"/>
	<SubTexture name="Pico Gets Pissed0033" x="2151" y="2" width="446" height="475" frameX="-17" frameY="0" frameWidth="510" frameHeight="475"/>
	<SubTexture name="Pico Gets Pissed0034" x="2151" y="2" width="446" height="475" frameX="-17" frameY="0" frameWidth="510" frameHeight="475"/>
	<SubTexture name="Pico Gets Pissed0035" x="2151" y="2" width="446" height="475" frameX="-17" frameY="0" frameWidth="510" frameHeight="475"/>
	<SubTexture name="Pico Gets Pissed0036" x="2151" y="2" width="446" height="475" frameX="-17" frameY="0" frameWidth="510" frameHeight="475"/>
	<SubTexture name="Pico Gets Pissed0037" x="2151" y="2" width="446" height="475" frameX="-17" frameY="0" frameWidth="510" frameHeight="475"/>
	<SubTexture name="Pico Gets Pissed0038" x="2151" y="2" width="446" height="475" frameX="-17" frameY="0" frameWidth="510" frameHeight="475"/>
	<SubTexture name="Pico Gets Pissed0039" x="2151" y="2" width="446" height="475" frameX="-17" frameY="0" frameWidth="510" frameHeight="475"/>
	<SubTexture name="Pico Gets Pissed0040" x="2151" y="2" width="446" height="475" frameX="-17" frameY="0" frameWidth="510" frameHeight="475"/>
	<SubTexture name="Pico Gets Pissed0041" x="2151" y="2" width="446" height="475" frameX="-17" frameY="0" frameWidth="510" frameHeight="475"/>
	<SubTexture name="Pico Gets Pissed0042" x="2151" y="2" width="446" height="475" frameX="-17" frameY="0" frameWidth="510" frameHeight="475"/>
	<SubTexture name="Pico Gets Pissed0043" x="2151" y="2" width="446" height="475" frameX="-17" frameY="0" frameWidth="510" frameHeight="475"/>
	<SubTexture name="Pico Gets Pissed0044" x="2151" y="2" width="446" height="475" frameX="-17" frameY="0" frameWidth="510" frameHeight="475"/>
	<SubTexture name="Pico Gets Pissed0045" x="2151" y="2" width="446" height="475" frameX="-17" frameY="0" frameWidth="510" frameHeight="475"/>
	<SubTexture name="Pico Gets Pissed0046" x="2151" y="2" width="446" height="475" frameX="-17" frameY="0" frameWidth="510" frameHeight="475"/>
	<SubTexture name="Pico Gets Pissed0047" x="2" y="2747" width="446" height="475" frameX="-17" frameY="0" frameWidth="510" frameHeight="475"/>
	<SubTexture name="Pico Gets Pissed0048" x="2" y="2747" width="446" height="475" frameX="-17" frameY="0" frameWidth="510" frameHeight="475"/>
	<SubTexture name="Pico Gets Pissed0049" x="2" y="2747" width="446" height="475" frameX="-17" frameY="0" frameWidth="510" frameHeight="475"/>
	<SubTexture name="Pico Gets Pissed0050" x="2602" y="2" width="446" height="475" frameX="-17" frameY="0" frameWidth="510" frameHeight="475"/>
	<SubTexture name="Pico Gets Pissed0051" x="2602" y="2" width="446" height="475" frameX="-17" frameY="0" frameWidth="510" frameHeight="475"/>
	<SubTexture name="Pico Gets Pissed0052" x="2" y="3227" width="446" height="475" frameX="-17" frameY="0" frameWidth="510" frameHeight="475"/>
	<SubTexture name="Pico Gets Pissed0053" x="3053" y="2" width="446" height="475" frameX="-17" frameY="0" frameWidth="510" frameHeight="475"/>
	<SubTexture name="Pico Gets Pissed0054" x="3053" y="2" width="446" height="475" frameX="-17" frameY="0" frameWidth="510" frameHeight="475"/>
	<SubTexture name="Pico Gets Pissed0055" x="3053" y="2" width="446" height="475" frameX="-17" frameY="0" frameWidth="510" frameHeight="475"/>
	<SubTexture name="Pico Gets Pissed0056" x="2151" y="2" width="446" height="475" frameX="-17" frameY="0" frameWidth="510" frameHeight="475"/>
	<SubTexture name="Pico Gets Pissed0057" x="2151" y="2" width="446" height="475" frameX="-17" frameY="0" frameWidth="510" frameHeight="475"/>
	<SubTexture name="Pico Gets Pissed0058" x="2151" y="2" width="446" height="475" frameX="-17" frameY="0" frameWidth="510" frameHeight="475"/>
	<SubTexture name="Pico Gets Pissed0059" x="2151" y="2" width="446" height="475" frameX="-17" frameY="0" frameWidth="510" frameHeight="475"/>
	<SubTexture name="Pico Gets Pissed0060" x="2151" y="2" width="446" height="475" frameX="-17" frameY="0" frameWidth="510" frameHeight="475"/>
	<SubTexture name="Pico Gets Pissed0061" x="2151" y="2" width="446" height="475" frameX="-17" frameY="0" frameWidth="510" frameHeight="475"/>
	<SubTexture name="Pico Gets Pissed0062" x="2151" y="2" width="446" height="475" frameX="-17" frameY="0" frameWidth="510" frameHeight="475"/>
	<SubTexture name="cutscene cock0000" x="470" y="1442" width="451" height="467" frameX="-6" frameY="-1" frameWidth="457" frameHeight="476"/>
	<SubTexture name="cutscene cock0001" x="926" y="1442" width="451" height="467" frameX="-6" frameY="-1" frameWidth="457" frameHeight="476"/>
	<SubTexture name="cutscene cock0002" x="1773" y="2402" width="436" height="470" frameX="-10" frameY="0" frameWidth="457" frameHeight="476"/>
	<SubTexture name="cutscene cock0003" x="2214" y="2402" width="436" height="470" frameX="-10" frameY="0" frameWidth="457" frameHeight="476"/>
	<SubTexture name="cutscene cock0004" x="2214" y="2402" width="436" height="470" frameX="-10" frameY="0" frameWidth="457" frameHeight="476"/>
	<SubTexture name="cutscene cock0005" x="2331" y="2877" width="437" height="466" frameX="-4" frameY="-5" frameWidth="457" frameHeight="476"/>
	<SubTexture name="cutscene cock0006" x="2331" y="2877" width="437" height="466" frameX="-4" frameY="-5" frameWidth="457" frameHeight="476"/>
	<SubTexture name="cutscene cock0007" x="908" y="1914" width="449" height="468" frameX="0" frameY="-8" frameWidth="457" frameHeight="476"/>
	<SubTexture name="cutscene cock0008" x="908" y="1914" width="449" height="468" frameX="0" frameY="-8" frameWidth="457" frameHeight="476"/>
	<SubTexture name="shoot and return0000" x="2" y="702" width="642" height="600" frameX="-124" frameY="-95" frameWidth="766" frameHeight="706"/>
	<SubTexture name="shoot and return0001" x="2" y="2" width="766" height="695" frameX="0" frameY="0" frameWidth="766" frameHeight="706"/>
	<SubTexture name="shoot and return0002" x="453" y="2875" width="482" height="433" frameX="-281" frameY="-262" frameWidth="766" frameHeight="706"/>
	<SubTexture name="shoot and return0003" x="453" y="3313" width="477" height="433" frameX="-286" frameY="-262" frameWidth="766" frameHeight="706"/>
	<SubTexture name="shoot and return0004" x="940" y="2877" width="473" height="433" frameX="-290" frameY="-262" frameWidth="766" frameHeight="706"/>
	<SubTexture name="shoot and return0005" x="940" y="2877" width="473" height="433" frameX="-290" frameY="-262" frameWidth="766" frameHeight="706"/>
	<SubTexture name="shoot and return0006" x="940" y="2877" width="473" height="433" frameX="-290" frameY="-262" frameWidth="766" frameHeight="706"/>
	<SubTexture name="shoot and return0007" x="940" y="2877" width="473" height="433" frameX="-290" frameY="-262" frameWidth="766" frameHeight="706"/>
	<SubTexture name="shoot and return0008" x="940" y="2877" width="473" height="433" frameX="-290" frameY="-262" frameWidth="766" frameHeight="706"/>
	<SubTexture name="shoot and return0009" x="940" y="2877" width="473" height="433" frameX="-290" frameY="-262" frameWidth="766" frameHeight="706"/>
	<SubTexture name="shoot and return0010" x="940" y="2877" width="473" height="433" frameX="-290" frameY="-262" frameWidth="766" frameHeight="706"/>
	<SubTexture name="shoot and return0011" x="940" y="2877" width="473" height="433" frameX="-290" frameY="-262" frameWidth="766" frameHeight="706"/>
	<SubTexture name="shoot and return0012" x="940" y="2877" width="473" height="433" frameX="-290" frameY="-262" frameWidth="766" frameHeight="706"/>
	<SubTexture name="shoot and return0013" x="940" y="2877" width="473" height="433" frameX="-290" frameY="-262" frameWidth="766" frameHeight="706"/>
	<SubTexture name="shoot and return0014" x="1418" y="2877" width="473" height="433" frameX="-290" frameY="-262" frameWidth="766" frameHeight="706"/>
	<SubTexture name="shoot and return0015" x="1418" y="2877" width="473" height="433" frameX="-290" frameY="-262" frameWidth="766" frameHeight="706"/>
	<SubTexture name="shoot and return0016" x="1418" y="2877" width="473" height="433" frameX="-290" frameY="-262" frameWidth="766" frameHeight="706"/>
	<SubTexture name="shoot and return0017" x="1418" y="2877" width="473" height="433" frameX="-290" frameY="-262" frameWidth="766" frameHeight="706"/>
	<SubTexture name="shoot and return0018" x="935" y="3315" width="469" height="432" frameX="-294" frameY="-263" frameWidth="766" frameHeight="706"/>
	<SubTexture name="shoot and return0019" x="935" y="3315" width="469" height="432" frameX="-294" frameY="-263" frameWidth="766" frameHeight="706"/>
	<SubTexture name="shoot and return0020" x="935" y="3315" width="469" height="432" frameX="-294" frameY="-263" frameWidth="766" frameHeight="706"/>
	<SubTexture name="shoot and return0021" x="935" y="3315" width="469" height="432" frameX="-294" frameY="-263" frameWidth="766" frameHeight="706"/>
	<SubTexture name="shoot and return0022" x="1409" y="3315" width="460" height="431" frameX="-297" frameY="-264" frameWidth="766" frameHeight="706"/>
	<SubTexture name="shoot and return0023" x="1409" y="3315" width="460" height="431" frameX="-297" frameY="-264" frameWidth="766" frameHeight="706"/>
	<SubTexture name="shoot and return0024" x="1409" y="3315" width="460" height="431" frameX="-297" frameY="-264" frameWidth="766" frameHeight="706"/>
	<SubTexture name="shoot and return0025" x="3184" y="2877" width="437" height="436" frameX="-301" frameY="-261" frameWidth="766" frameHeight="706"/>
	<SubTexture name="shoot and return0026" x="3184" y="2877" width="437" height="436" frameX="-301" frameY="-261" frameWidth="766" frameHeight="706"/>
	<SubTexture name="shoot and return0027" x="3184" y="3318" width="406" height="444" frameX="-293" frameY="-256" frameWidth="766" frameHeight="706"/>
	<SubTexture name="shoot and return0028" x="3184" y="3318" width="406" height="444" frameX="-293" frameY="-256" frameWidth="766" frameHeight="706"/>
	<SubTexture name="shoot and return0029" x="1338" y="2395" width="430" height="477" frameX="-252" frameY="-229" frameWidth="766" frameHeight="706"/>
	<SubTexture name="shoot and return0030" x="1338" y="2395" width="430" height="477" frameX="-252" frameY="-229" frameWidth="766" frameHeight="706"/>
	<SubTexture name="shoot and return0031" x="454" y="2394" width="439" height="476" frameX="-252" frameY="-230" frameWidth="766" frameHeight="706"/>
	<SubTexture name="shoot and return0032" x="454" y="2394" width="439" height="476" frameX="-252" frameY="-230" frameWidth="766" frameHeight="706"/>
	<SubTexture name="shoot and return0033" x="1815" y="1922" width="442" height="475" frameX="-252" frameY="-231" frameWidth="766" frameHeight="706"/>
	<SubTexture name="shoot and return0034" x="1815" y="1922" width="442" height="475" frameX="-252" frameY="-231" frameWidth="766" frameHeight="706"/>
	<SubTexture name="shoot and return0035" x="1815" y="1922" width="442" height="475" frameX="-252" frameY="-231" frameWidth="766" frameHeight="706"/>
	<SubTexture name="shoot and return0036" x="2894" y="962" width="443" height="476" frameX="-252" frameY="-230" frameWidth="766" frameHeight="706"/>
	<SubTexture name="shoot and return0037" x="2894" y="962" width="443" height="476" frameX="-252" frameY="-230" frameWidth="766" frameHeight="706"/>
	<SubTexture name="shoot and return0038" x="2894" y="962" width="443" height="476" frameX="-252" frameY="-230" frameWidth="766" frameHeight="706"/>
	<SubTexture name="shoot and return0039" x="773" y="482" width="444" height="475" frameX="-252" frameY="-231" frameWidth="766" frameHeight="706"/>
	<SubTexture name="shoot and return0040" x="773" y="482" width="444" height="475" frameX="-252" frameY="-231" frameWidth="766" frameHeight="706"/>
	<SubTexture name="shoot and return0041" x="773" y="482" width="444" height="475" frameX="-252" frameY="-231" frameWidth="766" frameHeight="706"/>
	<SubTexture name="shoot and return0042" x="773" y="482" width="444" height="475" frameX="-252" frameY="-231" frameWidth="766" frameHeight="706"/>
	<SubTexture name="shoot and return0043" x="773" y="482" width="444" height="475" frameX="-252" frameY="-231" frameWidth="766" frameHeight="706"/>
	<SubTexture name="shoot and return0044" x="773" y="482" width="444" height="475" frameX="-252" frameY="-231" frameWidth="766" frameHeight="706"/>
	<SubTexture name="shoot and return0045" x="773" y="482" width="444" height="475" frameX="-252" frameY="-231" frameWidth="766" frameHeight="706"/>
	<SubTexture name="shoot and return0046" x="773" y="482" width="444" height="475" frameX="-252" frameY="-231" frameWidth="766" frameHeight="706"/>
	<SubTexture name="shoot and return0047" x="773" y="482" width="444" height="475" frameX="-252" frameY="-231" frameWidth="766" frameHeight="706"/>
	<SubTexture name="shoot and return0048" x="773" y="482" width="444" height="475" frameX="-252" frameY="-231" frameWidth="766" frameHeight="706"/>
	<SubTexture name="shoot and return0049" x="773" y="482" width="444" height="475" frameX="-252" frameY="-231" frameWidth="766" frameHeight="706"/>
	<SubTexture name="shoot and return0050" x="773" y="482" width="444" height="475" frameX="-252" frameY="-231" frameWidth="766" frameHeight="706"/>
	<SubTexture name="shoot and return0051" x="773" y="482" width="444" height="475" frameX="-252" frameY="-231" frameWidth="766" frameHeight="706"/>
	<SubTexture name="shoot and return0052" x="773" y="482" width="444" height="475" frameX="-252" frameY="-231" frameWidth="766" frameHeight="706"/>
	<SubTexture name="shoot and return0053" x="773" y="482" width="444" height="475" frameX="-252" frameY="-231" frameWidth="766" frameHeight="706"/>
	<SubTexture name="shoot and return0054" x="773" y="482" width="444" height="475" frameX="-252" frameY="-231" frameWidth="766" frameHeight="706"/>
	<SubTexture name="shoot and return0055" x="773" y="482" width="444" height="475" frameX="-252" frameY="-231" frameWidth="766" frameHeight="706"/>
	<SubTexture name="shoot and return0056" x="773" y="482" width="444" height="475" frameX="-252" frameY="-231" frameWidth="766" frameHeight="706"/>
	<SubTexture name="shoot and return0057" x="773" y="482" width="444" height="475" frameX="-252" frameY="-231" frameWidth="766" frameHeight="706"/>
	<SubTexture name="shoot and return0058" x="773" y="482" width="444" height="475" frameX="-252" frameY="-231" frameWidth="766" frameHeight="706"/>
	<SubTexture name="shoot and return0059" x="773" y="482" width="444" height="475" frameX="-252" frameY="-231" frameWidth="766" frameHeight="706"/>
	<SubTexture name="shoot and return0060" x="773" y="482" width="444" height="475" frameX="-252" frameY="-231" frameWidth="766" frameHeight="706"/>
	<SubTexture name="shoot and return0061" x="773" y="482" width="444" height="475" frameX="-252" frameY="-231" frameWidth="766" frameHeight="706"/>
	<SubTexture name="shoot and return0062" x="773" y="482" width="444" height="475" frameX="-252" frameY="-231" frameWidth="766" frameHeight="706"/>
	<SubTexture name="shoot and return0063" x="1222" y="482" width="444" height="475" frameX="-252" frameY="-231" frameWidth="766" frameHeight="706"/>
	<SubTexture name="shoot and return0064" x="1222" y="482" width="444" height="475" frameX="-252" frameY="-231" frameWidth="766" frameHeight="706"/>
	<SubTexture name="shoot and return0065" x="1222" y="482" width="444" height="475" frameX="-252" frameY="-231" frameWidth="766" frameHeight="706"/>
	<SubTexture name="shoot and return0066" x="1671" y="482" width="444" height="475" frameX="-252" frameY="-231" frameWidth="766" frameHeight="706"/>
	<SubTexture name="shoot and return0067" x="1671" y="482" width="444" height="475" frameX="-252" frameY="-231" frameWidth="766" frameHeight="706"/>
	<SubTexture name="shoot and return0068" x="2120" y="482" width="444" height="475" frameX="-252" frameY="-231" frameWidth="766" frameHeight="706"/>
	<SubTexture name="shoot and return0069" x="2120" y="482" width="444" height="475" frameX="-252" frameY="-231" frameWidth="766" frameHeight="706"/>
	<SubTexture name="shoot and return0070" x="2569" y="482" width="444" height="475" frameX="-252" frameY="-231" frameWidth="766" frameHeight="706"/>
	<SubTexture name="shoot and return0071" x="2569" y="482" width="444" height="475" frameX="-252" frameY="-231" frameWidth="766" frameHeight="706"/>
	<SubTexture name="shoot and return0072" x="2569" y="482" width="444" height="475" frameX="-252" frameY="-231" frameWidth="766" frameHeight="706"/>
	<SubTexture name="shoot and return0073" x="773" y="482" width="444" height="475" frameX="-252" frameY="-231" frameWidth="766" frameHeight="706"/>
	<SubTexture name="shoot and return0074" x="773" y="482" width="444" height="475" frameX="-252" frameY="-231" frameWidth="766" frameHeight="706"/>
	<SubTexture name="shoot and return0075" x="773" y="482" width="444" height="475" frameX="-252" frameY="-231" frameWidth="766" frameHeight="706"/>
	<SubTexture name="shoot and return0076" x="773" y="482" width="444" height="475" frameX="-252" frameY="-231" frameWidth="766" frameHeight="706"/>
	<SubTexture name="shoot and return0077" x="773" y="482" width="444" height="475" frameX="-252" frameY="-231" frameWidth="766" frameHeight="706"/>
	<SubTexture name="shoot and return0078" x="773" y="482" width="444" height="475" frameX="-252" frameY="-231" frameWidth="766" frameHeight="706"/>
	<SubTexture name="shoot and return0079" x="773" y="482" width="444" height="475" frameX="-252" frameY="-231" frameWidth="766" frameHeight="706"/>
	<SubTexture name="shoot and return0080" x="773" y="482" width="444" height="475" frameX="-252" frameY="-231" frameWidth="766" frameHeight="706"/>
	<SubTexture name="shoot and return0081" x="773" y="482" width="444" height="475" frameX="-252" frameY="-231" frameWidth="766" frameHeight="706"/>
	<SubTexture name="shoot and return0082" x="773" y="482" width="444" height="475" frameX="-252" frameY="-231" frameWidth="766" frameHeight="706"/>
	<SubTexture name="shoot and return0083" x="773" y="482" width="444" height="475" frameX="-252" frameY="-231" frameWidth="766" frameHeight="706"/>
	<SubTexture name="shoot and return0084" x="773" y="482" width="444" height="475" frameX="-252" frameY="-231" frameWidth="766" frameHeight="706"/>
	<SubTexture name="shoot and return0085" x="773" y="482" width="444" height="475" frameX="-252" frameY="-231" frameWidth="766" frameHeight="706"/>
	<SubTexture name="shoot and return0086" x="773" y="482" width="444" height="475" frameX="-252" frameY="-231" frameWidth="766" frameHeight="706"/>
	<SubTexture name="shoot and return0087" x="773" y="482" width="444" height="475" frameX="-252" frameY="-231" frameWidth="766" frameHeight="706"/>
	<SubTexture name="shoot and return0088" x="773" y="482" width="444" height="475" frameX="-252" frameY="-231" frameWidth="766" frameHeight="706"/>
	<SubTexture name="shoot and return0089" x="773" y="482" width="444" height="475" frameX="-252" frameY="-231" frameWidth="766" frameHeight="706"/>
	<SubTexture name="shoot and return0090" x="773" y="482" width="444" height="475" frameX="-252" frameY="-231" frameWidth="766" frameHeight="706"/>
	<SubTexture name="shoot and return0091" x="773" y="482" width="444" height="475" frameX="-252" frameY="-231" frameWidth="766" frameHeight="706"/>
	<SubTexture name="shoot and return0092" x="773" y="482" width="444" height="475" frameX="-252" frameY="-231" frameWidth="766" frameHeight="706"/>
	<SubTexture name="shoot and return0093" x="773" y="482" width="444" height="475" frameX="-252" frameY="-231" frameWidth="766" frameHeight="706"/>
	<SubTexture name="shoot and return0094" x="773" y="482" width="444" height="475" frameX="-252" frameY="-231" frameWidth="766" frameHeight="706"/>
	<SubTexture name="shoot and return0095" x="773" y="482" width="444" height="475" frameX="-252" frameY="-231" frameWidth="766" frameHeight="706"/>
	<SubTexture name="shoot and return0096" x="773" y="482" width="444" height="475" frameX="-252" frameY="-231" frameWidth="766" frameHeight="706"/>
	<SubTexture name="shoot and return0097" x="1222" y="482" width="444" height="475" frameX="-252" frameY="-231" frameWidth="766" frameHeight="706"/>
	<SubTexture name="shoot and return0098" x="1222" y="482" width="444" height="475" frameX="-252" frameY="-231" frameWidth="766" frameHeight="706"/>
	<SubTexture name="shoot and return0099" x="1222" y="482" width="444" height="475" frameX="-252" frameY="-231" frameWidth="766" frameHeight="706"/>
	<SubTexture name="shoot and return0100" x="3018" y="482" width="444" height="475" frameX="-252" frameY="-231" frameWidth="766" frameHeight="706"/>
	<SubTexture name="shoot and return0101" x="3018" y="482" width="444" height="475" frameX="-252" frameY="-231" frameWidth="766" frameHeight="706"/>
	<SubTexture name="shoot and return0102" x="649" y="962" width="444" height="475" frameX="-252" frameY="-231" frameWidth="766" frameHeight="706"/>
	<SubTexture name="shoot and return0103" x="649" y="962" width="444" height="475" frameX="-252" frameY="-231" frameWidth="766" frameHeight="706"/>
	<SubTexture name="shoot and return0104" x="1098" y="962" width="444" height="475" frameX="-252" frameY="-231" frameWidth="766" frameHeight="706"/>
	<SubTexture name="shoot and return0105" x="1098" y="962" width="444" height="475" frameX="-252" frameY="-231" frameWidth="766" frameHeight="706"/>
	<SubTexture name="shoot and return0106" x="1547" y="962" width="444" height="475" frameX="-252" frameY="-231" frameWidth="766" frameHeight="706"/>
	<SubTexture name="shoot and return0107" x="1547" y="962" width="444" height="475" frameX="-252" frameY="-231" frameWidth="766" frameHeight="706"/>
	<SubTexture name="shoot and return0108" x="1547" y="962" width="444" height="475" frameX="-252" frameY="-231" frameWidth="766" frameHeight="706"/>
	<SubTexture name="shoot and return0109" x="1996" y="962" width="444" height="475" frameX="-252" frameY="-231" frameWidth="766" frameHeight="706"/>
	<SubTexture name="shoot and return0110" x="1996" y="962" width="444" height="475" frameX="-252" frameY="-231" frameWidth="766" frameHeight="706"/>
	<SubTexture name="shoot and return0111" x="1996" y="962" width="444" height="475" frameX="-252" frameY="-231" frameWidth="766" frameHeight="706"/>
	<SubTexture name="shoot and return0112" x="2445" y="962" width="444" height="475" frameX="-252" frameY="-231" frameWidth="766" frameHeight="706"/>
	<SubTexture name="shoot and return0113" x="2445" y="962" width="444" height="475" frameX="-252" frameY="-231" frameWidth="766" frameHeight="706"/>
	<SubTexture name="shoot and return0114" x="2445" y="962" width="444" height="475" frameX="-252" frameY="-231" frameWidth="766" frameHeight="706"/>
	<SubTexture name="shoot and return0115" x="2445" y="962" width="444" height="475" frameX="-252" frameY="-231" frameWidth="766" frameHeight="706"/>
	<SubTexture name="shoot and return0116" x="2445" y="962" width="444" height="475" frameX="-252" frameY="-231" frameWidth="766" frameHeight="706"/>
	<SubTexture name="shoot and return0117" x="2445" y="962" width="444" height="475" frameX="-252" frameY="-231" frameWidth="766" frameHeight="706"/>
	<SubTexture name="shoot and return0118" x="2445" y="962" width="444" height="475" frameX="-252" frameY="-231" frameWidth="766" frameHeight="706"/>
	<SubTexture name="shoot and return0119" x="2445" y="962" width="444" height="475" frameX="-252" frameY="-231" frameWidth="766" frameHeight="706"/>
	<SubTexture name="shoot and return0120" x="2445" y="962" width="444" height="475" frameX="-252" frameY="-231" frameWidth="766" frameHeight="706"/>
	<SubTexture name="shoot and return0121" x="2445" y="962" width="444" height="475" frameX="-252" frameY="-231" frameWidth="766" frameHeight="706"/>
	<SubTexture name="shoot and return0122" x="1831" y="1442" width="443" height="475" frameX="-252" frameY="-231" frameWidth="510" frameHeight="475"/>
	<SubTexture name="shoot and return0123" x="1831" y="1442" width="443" height="475" frameX="-252" frameY="-231" frameWidth="510" frameHeight="475"/>
	<SubTexture name="shoot and return0124" x="1831" y="1442" width="443" height="475" frameX="-252" frameY="-231" frameWidth="510" frameHeight="475"/>
	<SubTexture name="shoot and return0125" x="2655" y="2402" width="435" height="461" frameX="-271" frameY="-244" frameWidth="510" frameHeight="475"/>
	<SubTexture name="shoot and return0126" x="2655" y="2402" width="435" height="461" frameX="-271" frameY="-244" frameWidth="510" frameHeight="475"/>
	<SubTexture name="shoot and return0127" x="3176" y="1443" width="442" height="468" frameX="-264" frameY="-237" frameWidth="510" frameHeight="475"/>
	<SubTexture name="shoot and return0128" x="3176" y="1443" width="442" height="468" frameX="-264" frameY="-237" frameWidth="510" frameHeight="475"/>
	<SubTexture name="shoot and return0129" x="1362" y="1921" width="448" height="469" frameX="-254" frameY="-238" frameWidth="510" frameHeight="475"/>
	<SubTexture name="shoot and return0130" x="2727" y="1443" width="444" height="469" frameX="-254" frameY="-238" frameWidth="510" frameHeight="475"/>
	<SubTexture name="shoot and return0131" x="1382" y="1442" width="444" height="474" frameX="-253" frameY="-232" frameWidth="510" frameHeight="475"/>
	<SubTexture name="shoot and return0132" x="2262" y="1922" width="442" height="474" frameX="-253" frameY="-232" frameWidth="510" frameHeight="475"/>
	<SubTexture name="shoot and return0133" x="1831" y="1442" width="443" height="475" frameX="-252" frameY="-231" frameWidth="510" frameHeight="475"/>
	<SubTexture name="shoot and return0134" x="1831" y="1442" width="443" height="475" frameX="-252" frameY="-231" frameWidth="510" frameHeight="475"/>
	<SubTexture name="shoot and return0135" x="1831" y="1442" width="443" height="475" frameX="-252" frameY="-231" frameWidth="510" frameHeight="475"/>
	<SubTexture name="shoot and return0136" x="1831" y="1442" width="443" height="475" frameX="-252" frameY="-231" frameWidth="510" frameHeight="475"/>
	<SubTexture name="shoot and return0137" x="1831" y="1442" width="443" height="475" frameX="-252" frameY="-231" frameWidth="510" frameHeight="475"/>
	<SubTexture name="shoot and return0138" x="1831" y="1442" width="443" height="475" frameX="-252" frameY="-231" frameWidth="510" frameHeight="475"/>
</TextureAtlas>
