{
	 "dance_idle" : false,
	"animations_offsets" : [
		 {
			 "player1" : [
				 0,
				0
			],
			"player2" : [
				 0,
				0
			],
			"player3" : [
				 0,
				0
			],
			"anim" : "idle"
		},
		{
			 "player1" : [
				 92,
				18
			],
			"player2" : [
				 0,
				0
			],
			"player3" : [
				 0,
				0
			],
			"anim" : "hey"
		},
		{
			 "player1" : [
				 -48,
				-22
			],
			"player2" : [
				 0,
				0
			],
			"player3" : [
				 0,
				0
			],
			"anim" : "singRIGHT"
		},
		{
			 "player1" : [
				 45,
				-59
			],
			"player2" : [
				 0,
				0
			],
			"player3" : [
				 0,
				0
			],
			"anim" : "singDOWN"
		},
		{
			 "player1" : [
				 -48,
				92
			],
			"player2" : [
				 0,
				0
			],
			"player3" : [
				 0,
				0
			],
			"anim" : "singUP"
		},
		{
			 "player1" : [
				 63,
				-29
			],
			"player2" : [
				 0,
				0
			],
			"player3" : [
				 0,
				0
			],
			"anim" : "singLEFT"
		}
	],
	"voices" : "",
	"no_antialiasing" : false,
	"color" : [
		 108,
		198,
		245
	],
	"cam_pos" : [
		 0,
		0
	],
	"sing_duration" : 6.1,
	"char_pos1" : [
		 -13,
		-283
	],
	"flip_x" : true,
	"like" : "",
	"char_pos2" : [
		 0,
		0
	],
	"genBy" : "FNFBR; Animation Editor",
	"common_stage_offset" : [

	],
	"offset_flip" : 1,
	"scale" : 1,
	"char_pos" : [

	],
	"cam_pos1" : [
		 -230,
		242.9
	],
	"clone" : "",
	"cam_pos2" : [
		 0,
		0
	],
	"animations" : [
		 {
			 "oneshot" : false,
			"loop" : false,
			"anim" : "idle",
			"fps" : 24,
			"loopStart" : 0,
			"name" : "BF idle dance",
			"indices" : [

			]
		},
		{
			 "oneshot" : false,
			"loop" : false,
			"anim" : "singDOWN",
			"fps" : 24,
			"loopStart" : 0,
			"name" : "BF NOTE DOWN",
			"indices" : [

			]
		},
		{
			 "oneshot" : false,
			"loop" : false,
			"anim" : "singLEFT",
			"fps" : 24,
			"loopStart" : 0,
			"name" : "BF NOTE RIGHT",
			"indices" : [

			]
		},
		{
			 "oneshot" : false,
			"loop" : false,
			"anim" : "singRIGHT",
			"fps" : 24,
			"loopStart" : 0,
			"name" : "BF NOTE LEFT",
			"indices" : [

			]
		},
		{
			 "oneshot" : false,
			"loop" : false,
			"anim" : "singUP",
			"fps" : 24,
			"loopStart" : 0,
			"name" : "BF NOTE UP",
			"indices" : [

			]
		},
		{
			 "loopStart" : 0,
			"priority" : -1,
			"indices" : [

			],
			"fps" : 24,
			"flipx" : false,
			"anim" : "hey",
			"loop" : false,
			"name" : "BF HEY!!"
		}
	]
}