﻿<?xml version="1.0" encoding="utf-8"?>
<TextureAtlas imagePath="GF_ERECT.png">
	<!-- Created with Adobe Animate version 20.0.3.25487 -->
	<!-- http://www.adobe.com/products/animate.html -->
	<SubTexture name="GF Dancing Beat0000" x="20" y="20" width="502" height="796"/>
	<SubTexture name="GF Dancing Beat0001" x="532" y="20" width="502" height="796"/>
	<SubTexture name="GF Dancing Beat0002" x="1044" y="20" width="502" height="796"/>
	<SubTexture name="GF Dancing Beat0003" x="1556" y="20" width="502" height="796"/>
	<SubTexture name="GF Dancing Beat0004" x="2068" y="20" width="502" height="796"/>
	<SubTexture name="GF Dancing Beat0005" x="2580" y="20" width="502" height="796"/>
	<SubTexture name="GF Dancing Beat0006" x="3092" y="20" width="502" height="796"/>
	<SubTexture name="GF Dancing Beat0007" x="20" y="826" width="502" height="796"/>
	<SubTexture name="GF Dancing Beat0008" x="532" y="826" width="502" height="796"/>
	<SubTexture name="GF Dancing Beat0009" x="1044" y="826" width="502" height="796"/>
	<SubTexture name="GF Dancing Beat0010" x="1556" y="826" width="502" height="796"/>
	<SubTexture name="GF Dancing Beat0011" x="2068" y="826" width="502" height="796"/>
	<SubTexture name="GF Dancing Beat0012" x="2580" y="826" width="502" height="796"/>
	<SubTexture name="GF Dancing Beat0013" x="3092" y="826" width="502" height="796"/>
	<SubTexture name="GF Dancing Beat0014" x="20" y="1632" width="502" height="796"/>
	<SubTexture name="GF Dancing Beat0015" x="532" y="1632" width="502" height="796"/>
	<SubTexture name="GF Dancing Beat0016" x="1044" y="1632" width="502" height="796"/>
	<SubTexture name="GF Dancing Beat0017" x="1556" y="1632" width="502" height="796"/>
	<SubTexture name="GF Dancing Beat0018" x="2068" y="1632" width="502" height="796"/>
	<SubTexture name="GF Dancing Beat0019" x="2580" y="1632" width="502" height="796"/>
	<SubTexture name="GF Dancing Beat0020" x="3092" y="1632" width="502" height="796"/>
	<SubTexture name="GF Dancing Beat0021" x="20" y="2438" width="502" height="796"/>
	<SubTexture name="GF Dancing Beat0022" x="532" y="2438" width="502" height="796"/>
	<SubTexture name="GF Dancing Beat0023" x="1044" y="2438" width="502" height="796"/>
	<SubTexture name="GF Dancing Beat0024" x="1556" y="2438" width="502" height="796"/>
	<SubTexture name="GF Dancing Beat0025" x="2068" y="2438" width="502" height="796"/>
	<SubTexture name="GF Dancing Beat0026" x="2580" y="2438" width="502" height="796"/>
	<SubTexture name="GF Dancing Beat0027" x="3092" y="2438" width="502" height="796"/>
	<SubTexture name="GF Dancing Beat0028" x="20" y="3244" width="502" height="796"/>
	<SubTexture name="GF Dancing Beat0029" x="532" y="3244" width="502" height="796"/>
</TextureAtlas>
