{
	"animations_offsets": [],
	"dance_idle": true,
	"voices": "",
	"no_antialiasing": false,
	"cam_pos": [
		0,
		0
	],
	"sing_duration": 6.1,
	"flip_x": false,
	"genBy": "FNFBR; Animation Editor",
	"char_pos2": [
		0,
		0
	],
	"like": "",
	"char_pos3": [
		-41,
		-49
	],
	"common_stage_offset": [],
	"offset_flip": 1,
	"scale": 1,
	"char_pos": [],
	"clone": "",
	"cam_pos2": [
		0,
		0
	],
	"animations": [
		{
			"offsets": [
				0,
				-9
			],
			"loop": false,
			"anim": "danceLeft",
			"fps": 24,
			"name": "GF Dancing Beat",
			"indices": [
				30,
				0,
				1,
				2,
				3,
				4,
				5,
				6,
				7,
				8,
				9,
				10,
				11,
				12,
				13,
				14
			]
		},
		{
			"offsets": [
				0,
				-9
			],
			"loop": false,
			"anim": "danceRight",
			"fps": 24,
			"name": "GF Dancing Beat",
			"indices": [
				15,
				16,
				17,
				18,
				19,
				20,
				21,
				22,
				23,
				24,
				25,
				26,
				27,
				28,
				29
			]
		}
	],
	"cam_pos3": [
		0,
		0
	]
}